<?xml version="1.0" encoding="utf-8"?>
<resources>

    <string name="app_name">Soul GPS</string>
    <string name="hello_world">Hello world!</string>
    <string name="Music">Music</string>
    <string name="Description">Description:</string>
    <string name="info">Music is effective for relaxation and stress management.It can quiet your mind and relax your muscles, making you feel soothed. </string>
    <string name="Meditation">Meditation</string>
    <string name="info2">Meditation can give you a sense of calmness, peace and balance that can benefit both your emotional well-being and your overall health.</string>
    <string name="relax">Relaxing Music</string>
    <string name="video">Meditation Video</string>
    <string name="yoga">Yoga Tutorial</string>
    <string name="yogades">Yoga is a mind-body practice that combines physical poses, controlled breathing, and meditation or relaxation. Yoga may help reduce stress, lower blood pressure and lower your heart rate</string>
    <string name="stress">Take this quiz to find out your stress levels!</string>
    <string name="attempt">Attempt Quiz</string>
</resources>